<?xml version="1.0" encoding="ISO-8859-1" ?>
<link_info>
   <banner>TI ARM Clang Linker PC v3.2.2.LTS</banner>
   <copyright>Copyright (c) 1996-2018 Texas Instruments Incorporated</copyright>
   <link_time>0x66f58618</link_time>
   <link_errors>0x0</link_errors>
   <output_file>C:\Users\nnatale3\workspace_ccstheia\default_project\Debug\default_project.out</output_file>
   <entry_point>
      <name>_c_int00_noinit_noargs</name>
      <address>0xc1</address>
   </entry_point>
   <input_file_list>
      <input_file id="fl-1">
         <path>C:\Users\nnatale3\workspace_ccstheia\default_project\Debug\.\</path>
         <kind>object</kind>
         <file>LaunchPad.o</file>
         <name>LaunchPad.o</name>
      </input_file>
      <input_file id="fl-2">
         <path>C:\Users\nnatale3\workspace_ccstheia\default_project\Debug\.\</path>
         <kind>object</kind>
         <file>adc.o</file>
         <name>adc.o</name>
      </input_file>
      <input_file id="fl-3">
         <path>C:\Users\nnatale3\workspace_ccstheia\default_project\Debug\.\</path>
         <kind>object</kind>
         <file>clock.o</file>
         <name>clock.o</name>
      </input_file>
      <input_file id="fl-4">
         <path>C:\Users\nnatale3\workspace_ccstheia\default_project\Debug\.\</path>
         <kind>object</kind>
         <file>lcd1602.o</file>
         <name>lcd1602.o</name>
      </input_file>
      <input_file id="fl-5">
         <path>C:\Users\nnatale3\workspace_ccstheia\default_project\Debug\.\</path>
         <kind>object</kind>
         <file>main.o</file>
         <name>main.o</name>
      </input_file>
      <input_file id="fl-6">
         <path>C:\Users\nnatale3\workspace_ccstheia\default_project\Debug\.\</path>
         <kind>object</kind>
         <file>spi.o</file>
         <name>spi.o</name>
      </input_file>
      <input_file id="fl-7">
         <path>C:\Users\nnatale3\workspace_ccstheia\default_project\Debug\.\</path>
         <kind>object</kind>
         <file>uart.o</file>
         <name>uart.o</name>
      </input_file>
      <input_file id="fl-8">
         <path>C:\Users\nnatale3\workspace_ccstheia\default_project\Debug\.\ticlang\</path>
         <kind>object</kind>
         <file>startup_mspm0g3507_ticlang.o</file>
         <name>startup_mspm0g3507_ticlang.o</name>
      </input_file>
      <input_file id="fl-13">
         <path>C:\Users\nnatale3\workspace_ccstheia\default_project\Debug\</path>
         <kind>object</kind>
         <file>&lt;internal&gt;</file>
         <name>&lt;internal&gt;</name>
      </input_file>
      <input_file id="fl-22">
         <path>C:\ti\ccstheia140\ccs\tools\compiler\ti-cgt-armllvm_3.2.2.LTS\lib\armv6m-ti-none-eabi\c\</path>
         <kind>archive</kind>
         <file>libc.a</file>
         <name>e_powf.c.obj</name>
      </input_file>
      <input_file id="fl-23">
         <path>C:\ti\ccstheia140\ccs\tools\compiler\ti-cgt-armllvm_3.2.2.LTS\lib\armv6m-ti-none-eabi\c\</path>
         <kind>archive</kind>
         <file>libc.a</file>
         <name>e_sqrtf.c.obj</name>
      </input_file>
      <input_file id="fl-24">
         <path>C:\ti\ccstheia140\ccs\tools\compiler\ti-cgt-armllvm_3.2.2.LTS\lib\armv6m-ti-none-eabi\c\</path>
         <kind>archive</kind>
         <file>libc.a</file>
         <name>s_scalbnf.c.obj</name>
      </input_file>
      <input_file id="fl-25">
         <path>C:\ti\ccstheia140\ccs\tools\compiler\ti-cgt-armllvm_3.2.2.LTS\lib\armv6m-ti-none-eabi\c\</path>
         <kind>archive</kind>
         <file>libc.a</file>
         <name>aeabi_portable.c.obj</name>
      </input_file>
      <input_file id="fl-26">
         <path>C:\ti\ccstheia140\ccs\tools\compiler\ti-cgt-armllvm_3.2.2.LTS\lib\armv6m-ti-none-eabi\c\</path>
         <kind>archive</kind>
         <file>libc.a</file>
         <name>assert.c.obj</name>
      </input_file>
      <input_file id="fl-27">
         <path>C:\ti\ccstheia140\ccs\tools\compiler\ti-cgt-armllvm_3.2.2.LTS\lib\armv6m-ti-none-eabi\c\</path>
         <kind>archive</kind>
         <file>libc.a</file>
         <name>defs.c.obj</name>
      </input_file>
      <input_file id="fl-28">
         <path>C:\ti\ccstheia140\ccs\tools\compiler\ti-cgt-armllvm_3.2.2.LTS\lib\armv6m-ti-none-eabi\c\</path>
         <kind>archive</kind>
         <file>libc.a</file>
         <name>memory.c.obj</name>
      </input_file>
      <input_file id="fl-29">
         <path>C:\ti\ccstheia140\ccs\tools\compiler\ti-cgt-armllvm_3.2.2.LTS\lib\armv6m-ti-none-eabi\c\</path>
         <kind>archive</kind>
         <file>libc.a</file>
         <name>boot_cortex_m.c.obj</name>
      </input_file>
      <input_file id="fl-2a">
         <path>C:\ti\ccstheia140\ccs\tools\compiler\ti-cgt-armllvm_3.2.2.LTS\lib\armv6m-ti-none-eabi\c\</path>
         <kind>archive</kind>
         <file>libc.a</file>
         <name>mathacl_init.c.obj</name>
      </input_file>
      <input_file id="fl-2b">
         <path>C:\ti\ccstheia140\ccs\tools\compiler\ti-cgt-armllvm_3.2.2.LTS\lib\armv6m-ti-none-eabi\c\</path>
         <kind>archive</kind>
         <file>libc.a</file>
         <name>autoinit.c.obj</name>
      </input_file>
      <input_file id="fl-2c">
         <path>C:\ti\ccstheia140\ccs\tools\compiler\ti-cgt-armllvm_3.2.2.LTS\lib\armv6m-ti-none-eabi\c\</path>
         <kind>archive</kind>
         <file>libc.a</file>
         <name>pre_init.c.obj</name>
      </input_file>
      <input_file id="fl-2d">
         <path>C:\ti\ccstheia140\ccs\tools\compiler\ti-cgt-armllvm_3.2.2.LTS\lib\armv6m-ti-none-eabi\c\</path>
         <kind>archive</kind>
         <file>libc.a</file>
         <name>cpy_tbl.c.obj</name>
      </input_file>
      <input_file id="fl-2e">
         <path>C:\ti\ccstheia140\ccs\tools\compiler\ti-cgt-armllvm_3.2.2.LTS\lib\armv6m-ti-none-eabi\c\</path>
         <kind>archive</kind>
         <file>libc.a</file>
         <name>copy_zero_init.c.obj</name>
      </input_file>
      <input_file id="fl-2f">
         <path>C:\ti\ccstheia140\ccs\tools\compiler\ti-cgt-armllvm_3.2.2.LTS\lib\armv6m-ti-none-eabi\c\</path>
         <kind>archive</kind>
         <file>libc.a</file>
         <name>copy_decompress_none.c.obj</name>
      </input_file>
      <input_file id="fl-30">
         <path>C:\ti\ccstheia140\ccs\tools\compiler\ti-cgt-armllvm_3.2.2.LTS\lib\armv6m-ti-none-eabi\c\</path>
         <kind>archive</kind>
         <file>libc.a</file>
         <name>copy_decompress_lzss.c.obj</name>
      </input_file>
      <input_file id="fl-31">
         <path>C:\ti\ccstheia140\ccs\tools\compiler\ti-cgt-armllvm_3.2.2.LTS\lib\armv6m-ti-none-eabi\c\</path>
         <kind>archive</kind>
         <file>libc.a</file>
         <name>sprintf.c.obj</name>
      </input_file>
      <input_file id="fl-32">
         <path>C:\ti\ccstheia140\ccs\tools\compiler\ti-cgt-armllvm_3.2.2.LTS\lib\armv6m-ti-none-eabi\c\</path>
         <kind>archive</kind>
         <file>libc.a</file>
         <name>fflush.c.obj</name>
      </input_file>
      <input_file id="fl-33">
         <path>C:\ti\ccstheia140\ccs\tools\compiler\ti-cgt-armllvm_3.2.2.LTS\lib\armv6m-ti-none-eabi\c\</path>
         <kind>archive</kind>
         <file>libc.a</file>
         <name>fputs.c.obj</name>
      </input_file>
      <input_file id="fl-34">
         <path>C:\ti\ccstheia140\ccs\tools\compiler\ti-cgt-armllvm_3.2.2.LTS\lib\armv6m-ti-none-eabi\c\</path>
         <kind>archive</kind>
         <file>libc.a</file>
         <name>_io_perm.c.obj</name>
      </input_file>
      <input_file id="fl-35">
         <path>C:\ti\ccstheia140\ccs\tools\compiler\ti-cgt-armllvm_3.2.2.LTS\lib\armv6m-ti-none-eabi\c\</path>
         <kind>archive</kind>
         <file>libc.a</file>
         <name>setvbuf.c.obj</name>
      </input_file>
      <input_file id="fl-36">
         <path>C:\ti\ccstheia140\ccs\tools\compiler\ti-cgt-armllvm_3.2.2.LTS\lib\armv6m-ti-none-eabi\c\</path>
         <kind>archive</kind>
         <file>libc.a</file>
         <name>exit.c.obj</name>
      </input_file>
      <input_file id="fl-37">
         <path>C:\ti\ccstheia140\ccs\tools\compiler\ti-cgt-armllvm_3.2.2.LTS\lib\armv6m-ti-none-eabi\c\</path>
         <kind>archive</kind>
         <file>libc.a</file>
         <name>_lock.c.obj</name>
      </input_file>
      <input_file id="fl-38">
         <path>C:\ti\ccstheia140\ccs\tools\compiler\ti-cgt-armllvm_3.2.2.LTS\lib\armv6m-ti-none-eabi\c\</path>
         <kind>archive</kind>
         <file>libc.a</file>
         <name>args_main.c.obj</name>
      </input_file>
      <input_file id="fl-39">
         <path>C:\ti\ccstheia140\ccs\tools\compiler\ti-cgt-armllvm_3.2.2.LTS\lib\armv6m-ti-none-eabi\c\</path>
         <kind>archive</kind>
         <file>libc.a</file>
         <name>_printfi.c.obj</name>
      </input_file>
      <input_file id="fl-3a">
         <path>C:\ti\ccstheia140\ccs\tools\compiler\ti-cgt-armllvm_3.2.2.LTS\lib\armv6m-ti-none-eabi\c\</path>
         <kind>archive</kind>
         <file>libc.a</file>
         <name>fopen.c.obj</name>
      </input_file>
      <input_file id="fl-3b">
         <path>C:\ti\ccstheia140\ccs\tools\compiler\ti-cgt-armllvm_3.2.2.LTS\lib\armv6m-ti-none-eabi\c\</path>
         <kind>archive</kind>
         <file>libc.a</file>
         <name>fseek.c.obj</name>
      </input_file>
      <input_file id="fl-3c">
         <path>C:\ti\ccstheia140\ccs\tools\compiler\ti-cgt-armllvm_3.2.2.LTS\lib\armv6m-ti-none-eabi\c\</path>
         <kind>archive</kind>
         <file>libc.a</file>
         <name>s_frexp.c.obj</name>
      </input_file>
      <input_file id="fl-3d">
         <path>C:\ti\ccstheia140\ccs\tools\compiler\ti-cgt-armllvm_3.2.2.LTS\lib\armv6m-ti-none-eabi\c\</path>
         <kind>archive</kind>
         <file>libc.a</file>
         <name>s_scalbn.c.obj</name>
      </input_file>
      <input_file id="fl-3e">
         <path>C:\ti\ccstheia140\ccs\tools\compiler\ti-cgt-armllvm_3.2.2.LTS\lib\armv6m-ti-none-eabi\c\</path>
         <kind>archive</kind>
         <file>libc.a</file>
         <name>_ltoa.c.obj</name>
      </input_file>
      <input_file id="fl-3f">
         <path>C:\ti\ccstheia140\ccs\tools\compiler\ti-cgt-armllvm_3.2.2.LTS\lib\armv6m-ti-none-eabi\c\</path>
         <kind>archive</kind>
         <file>libc.a</file>
         <name>atoi.c.obj</name>
      </input_file>
      <input_file id="fl-40">
         <path>C:\ti\ccstheia140\ccs\tools\compiler\ti-cgt-armllvm_3.2.2.LTS\lib\armv6m-ti-none-eabi\c\</path>
         <kind>archive</kind>
         <file>libc.a</file>
         <name>memccpy.c.obj</name>
      </input_file>
      <input_file id="fl-41">
         <path>C:\ti\ccstheia140\ccs\tools\compiler\ti-cgt-armllvm_3.2.2.LTS\lib\armv6m-ti-none-eabi\c\</path>
         <kind>archive</kind>
         <file>libc.a</file>
         <name>wcslen.c.obj</name>
      </input_file>
      <input_file id="fl-42">
         <path>C:\ti\ccstheia140\ccs\tools\compiler\ti-cgt-armllvm_3.2.2.LTS\lib\armv6m-ti-none-eabi\c\</path>
         <kind>archive</kind>
         <file>libc.a</file>
         <name>fclose.c.obj</name>
      </input_file>
      <input_file id="fl-43">
         <path>C:\ti\ccstheia140\ccs\tools\compiler\ti-cgt-armllvm_3.2.2.LTS\lib\armv6m-ti-none-eabi\c\</path>
         <kind>archive</kind>
         <file>libc.a</file>
         <name>aeabi_ctype.S.obj</name>
      </input_file>
      <input_file id="fl-a9">
         <path>C:\ti\ccstheia140\ccs\tools\compiler\ti-cgt-armllvm_3.2.2.LTS\lib\armv6m-ti-none-eabi\c\</path>
         <kind>archive</kind>
         <file>libsysbm.a</file>
         <name>write.c.obj</name>
      </input_file>
      <input_file id="fl-aa">
         <path>C:\ti\ccstheia140\ccs\tools\compiler\ti-cgt-armllvm_3.2.2.LTS\lib\armv6m-ti-none-eabi\c\</path>
         <kind>archive</kind>
         <file>libsysbm.a</file>
         <name>host_device.c.obj</name>
      </input_file>
      <input_file id="fl-ab">
         <path>C:\ti\ccstheia140\ccs\tools\compiler\ti-cgt-armllvm_3.2.2.LTS\lib\armv6m-ti-none-eabi\c\</path>
         <kind>archive</kind>
         <file>libsysbm.a</file>
         <name>remove.c.obj</name>
      </input_file>
      <input_file id="fl-ac">
         <path>C:\ti\ccstheia140\ccs\tools\compiler\ti-cgt-armllvm_3.2.2.LTS\lib\armv6m-ti-none-eabi\c\</path>
         <kind>archive</kind>
         <file>libsysbm.a</file>
         <name>open.c.obj</name>
      </input_file>
      <input_file id="fl-ad">
         <path>C:\ti\ccstheia140\ccs\tools\compiler\ti-cgt-armllvm_3.2.2.LTS\lib\armv6m-ti-none-eabi\c\</path>
         <kind>archive</kind>
         <file>libsysbm.a</file>
         <name>lseek.c.obj</name>
      </input_file>
      <input_file id="fl-ae">
         <path>C:\ti\ccstheia140\ccs\tools\compiler\ti-cgt-armllvm_3.2.2.LTS\lib\armv6m-ti-none-eabi\c\</path>
         <kind>archive</kind>
         <file>libsysbm.a</file>
         <name>close.c.obj</name>
      </input_file>
      <input_file id="fl-af">
         <path>C:\ti\ccstheia140\ccs\tools\compiler\ti-cgt-armllvm_3.2.2.LTS\lib\armv6m-ti-none-eabi\c\</path>
         <kind>archive</kind>
         <file>libsysbm.a</file>
         <name>unlink.c.obj</name>
      </input_file>
      <input_file id="fl-b0">
         <path>C:\ti\ccstheia140\ccs\tools\compiler\ti-cgt-armllvm_3.2.2.LTS\lib\armv6m-ti-none-eabi\c\</path>
         <kind>archive</kind>
         <file>libsysbm.a</file>
         <name>hostclose.c.obj</name>
      </input_file>
      <input_file id="fl-b1">
         <path>C:\ti\ccstheia140\ccs\tools\compiler\ti-cgt-armllvm_3.2.2.LTS\lib\armv6m-ti-none-eabi\c\</path>
         <kind>archive</kind>
         <file>libsysbm.a</file>
         <name>hostlseek.c.obj</name>
      </input_file>
      <input_file id="fl-b2">
         <path>C:\ti\ccstheia140\ccs\tools\compiler\ti-cgt-armllvm_3.2.2.LTS\lib\armv6m-ti-none-eabi\c\</path>
         <kind>archive</kind>
         <file>libsysbm.a</file>
         <name>hostopen.c.obj</name>
      </input_file>
      <input_file id="fl-b3">
         <path>C:\ti\ccstheia140\ccs\tools\compiler\ti-cgt-armllvm_3.2.2.LTS\lib\armv6m-ti-none-eabi\c\</path>
         <kind>archive</kind>
         <file>libsysbm.a</file>
         <name>hostread.c.obj</name>
      </input_file>
      <input_file id="fl-b4">
         <path>C:\ti\ccstheia140\ccs\tools\compiler\ti-cgt-armllvm_3.2.2.LTS\lib\armv6m-ti-none-eabi\c\</path>
         <kind>archive</kind>
         <file>libsysbm.a</file>
         <name>hostrename.c.obj</name>
      </input_file>
      <input_file id="fl-b5">
         <path>C:\ti\ccstheia140\ccs\tools\compiler\ti-cgt-armllvm_3.2.2.LTS\lib\armv6m-ti-none-eabi\c\</path>
         <kind>archive</kind>
         <file>libsysbm.a</file>
         <name>hostunlink.c.obj</name>
      </input_file>
      <input_file id="fl-b6">
         <path>C:\ti\ccstheia140\ccs\tools\compiler\ti-cgt-armllvm_3.2.2.LTS\lib\armv6m-ti-none-eabi\c\</path>
         <kind>archive</kind>
         <file>libsysbm.a</file>
         <name>hostwrite.c.obj</name>
      </input_file>
      <input_file id="fl-b7">
         <path>C:\ti\ccstheia140\ccs\tools\compiler\ti-cgt-armllvm_3.2.2.LTS\lib\armv6m-ti-none-eabi\c\</path>
         <kind>archive</kind>
         <file>libsysbm.a</file>
         <name>trgmsg.c.obj</name>
      </input_file>
      <input_file id="fl-b8">
         <path>C:\ti\ccstheia140\ccs\tools\compiler\ti-cgt-armllvm_3.2.2.LTS\lib\clang\15.0.7\lib\armv6m-ti-none-eabi\</path>
         <kind>archive</kind>
         <file>libclang_rt.builtins.a</file>
         <name>addsf3.S.obj</name>
      </input_file>
      <input_file id="fl-b9">
         <path>C:\ti\ccstheia140\ccs\tools\compiler\ti-cgt-armllvm_3.2.2.LTS\lib\clang\15.0.7\lib\armv6m-ti-none-eabi\</path>
         <kind>archive</kind>
         <file>libclang_rt.builtins.a</file>
         <name>adddf3.S.obj</name>
      </input_file>
      <input_file id="fl-ba">
         <path>C:\ti\ccstheia140\ccs\tools\compiler\ti-cgt-armllvm_3.2.2.LTS\lib\clang\15.0.7\lib\armv6m-ti-none-eabi\</path>
         <kind>archive</kind>
         <file>libclang_rt.builtins.a</file>
         <name>muldf3.S.obj</name>
      </input_file>
      <input_file id="fl-bb">
         <path>C:\ti\ccstheia140\ccs\tools\compiler\ti-cgt-armllvm_3.2.2.LTS\lib\clang\15.0.7\lib\armv6m-ti-none-eabi\</path>
         <kind>archive</kind>
         <file>libclang_rt.builtins.a</file>
         <name>muldsi3.S.obj</name>
      </input_file>
      <input_file id="fl-bc">
         <path>C:\ti\ccstheia140\ccs\tools\compiler\ti-cgt-armllvm_3.2.2.LTS\lib\clang\15.0.7\lib\armv6m-ti-none-eabi\</path>
         <kind>archive</kind>
         <file>libclang_rt.builtins.a</file>
         <name>mulsf3.S.obj</name>
      </input_file>
      <input_file id="fl-bd">
         <path>C:\ti\ccstheia140\ccs\tools\compiler\ti-cgt-armllvm_3.2.2.LTS\lib\clang\15.0.7\lib\armv6m-ti-none-eabi\</path>
         <kind>archive</kind>
         <file>libclang_rt.builtins.a</file>
         <name>divsf3.S.obj</name>
      </input_file>
      <input_file id="fl-be">
         <path>C:\ti\ccstheia140\ccs\tools\compiler\ti-cgt-armllvm_3.2.2.LTS\lib\clang\15.0.7\lib\armv6m-ti-none-eabi\</path>
         <kind>archive</kind>
         <file>libclang_rt.builtins.a</file>
         <name>divdf3.S.obj</name>
      </input_file>
      <input_file id="fl-bf">
         <path>C:\ti\ccstheia140\ccs\tools\compiler\ti-cgt-armllvm_3.2.2.LTS\lib\clang\15.0.7\lib\armv6m-ti-none-eabi\</path>
         <kind>archive</kind>
         <file>libclang_rt.builtins.a</file>
         <name>extendsfdf2.S.obj</name>
      </input_file>
      <input_file id="fl-c0">
         <path>C:\ti\ccstheia140\ccs\tools\compiler\ti-cgt-armllvm_3.2.2.LTS\lib\clang\15.0.7\lib\armv6m-ti-none-eabi\</path>
         <kind>archive</kind>
         <file>libclang_rt.builtins.a</file>
         <name>fixdfsi.S.obj</name>
      </input_file>
      <input_file id="fl-c1">
         <path>C:\ti\ccstheia140\ccs\tools\compiler\ti-cgt-armllvm_3.2.2.LTS\lib\clang\15.0.7\lib\armv6m-ti-none-eabi\</path>
         <kind>archive</kind>
         <file>libclang_rt.builtins.a</file>
         <name>fixunsdfsi.S.obj</name>
      </input_file>
      <input_file id="fl-c2">
         <path>C:\ti\ccstheia140\ccs\tools\compiler\ti-cgt-armllvm_3.2.2.LTS\lib\clang\15.0.7\lib\armv6m-ti-none-eabi\</path>
         <kind>archive</kind>
         <file>libclang_rt.builtins.a</file>
         <name>floatsidf.S.obj</name>
      </input_file>
      <input_file id="fl-c3">
         <path>C:\ti\ccstheia140\ccs\tools\compiler\ti-cgt-armllvm_3.2.2.LTS\lib\clang\15.0.7\lib\armv6m-ti-none-eabi\</path>
         <kind>archive</kind>
         <file>libclang_rt.builtins.a</file>
         <name>floatsisf.S.obj</name>
      </input_file>
      <input_file id="fl-c4">
         <path>C:\ti\ccstheia140\ccs\tools\compiler\ti-cgt-armllvm_3.2.2.LTS\lib\clang\15.0.7\lib\armv6m-ti-none-eabi\</path>
         <kind>archive</kind>
         <file>libclang_rt.builtins.a</file>
         <name>floatunsidf.S.obj</name>
      </input_file>
      <input_file id="fl-c5">
         <path>C:\ti\ccstheia140\ccs\tools\compiler\ti-cgt-armllvm_3.2.2.LTS\lib\clang\15.0.7\lib\armv6m-ti-none-eabi\</path>
         <kind>archive</kind>
         <file>libclang_rt.builtins.a</file>
         <name>muldi3.S.obj</name>
      </input_file>
      <input_file id="fl-c6">
         <path>C:\ti\ccstheia140\ccs\tools\compiler\ti-cgt-armllvm_3.2.2.LTS\lib\clang\15.0.7\lib\armv6m-ti-none-eabi\</path>
         <kind>archive</kind>
         <file>libclang_rt.builtins.a</file>
         <name>truncdfsf2.S.obj</name>
      </input_file>
      <input_file id="fl-c7">
         <path>C:\ti\ccstheia140\ccs\tools\compiler\ti-cgt-armllvm_3.2.2.LTS\lib\clang\15.0.7\lib\armv6m-ti-none-eabi\</path>
         <kind>archive</kind>
         <file>libclang_rt.builtins.a</file>
         <name>aeabi_dcmp.S.obj</name>
      </input_file>
      <input_file id="fl-c8">
         <path>C:\ti\ccstheia140\ccs\tools\compiler\ti-cgt-armllvm_3.2.2.LTS\lib\clang\15.0.7\lib\armv6m-ti-none-eabi\</path>
         <kind>archive</kind>
         <file>libclang_rt.builtins.a</file>
         <name>aeabi_fcmp.S.obj</name>
      </input_file>
      <input_file id="fl-c9">
         <path>C:\ti\ccstheia140\ccs\tools\compiler\ti-cgt-armllvm_3.2.2.LTS\lib\clang\15.0.7\lib\armv6m-ti-none-eabi\</path>
         <kind>archive</kind>
         <file>libclang_rt.builtins.a</file>
         <name>aeabi_idivmod.S.obj</name>
      </input_file>
      <input_file id="fl-ca">
         <path>C:\ti\ccstheia140\ccs\tools\compiler\ti-cgt-armllvm_3.2.2.LTS\lib\clang\15.0.7\lib\armv6m-ti-none-eabi\</path>
         <kind>archive</kind>
         <file>libclang_rt.builtins.a</file>
         <name>aeabi_memcpy.S.obj</name>
      </input_file>
      <input_file id="fl-cb">
         <path>C:\ti\ccstheia140\ccs\tools\compiler\ti-cgt-armllvm_3.2.2.LTS\lib\clang\15.0.7\lib\armv6m-ti-none-eabi\</path>
         <kind>archive</kind>
         <file>libclang_rt.builtins.a</file>
         <name>aeabi_memset.S.obj</name>
      </input_file>
      <input_file id="fl-cc">
         <path>C:\ti\ccstheia140\ccs\tools\compiler\ti-cgt-armllvm_3.2.2.LTS\lib\clang\15.0.7\lib\armv6m-ti-none-eabi\</path>
         <kind>archive</kind>
         <file>libclang_rt.builtins.a</file>
         <name>aeabi_uidivmod.S.obj</name>
      </input_file>
      <input_file id="fl-cd">
         <path>C:\ti\ccstheia140\ccs\tools\compiler\ti-cgt-armllvm_3.2.2.LTS\lib\clang\15.0.7\lib\armv6m-ti-none-eabi\</path>
         <kind>archive</kind>
         <file>libclang_rt.builtins.a</file>
         <name>aeabi_uldivmod.S.obj</name>
      </input_file>
      <input_file id="fl-ce">
         <path>C:\ti\ccstheia140\ccs\tools\compiler\ti-cgt-armllvm_3.2.2.LTS\lib\clang\15.0.7\lib\armv6m-ti-none-eabi\</path>
         <kind>archive</kind>
         <file>libclang_rt.builtins.a</file>
         <name>comparesf2.S.obj</name>
      </input_file>
      <input_file id="fl-cf">
         <path>C:\ti\ccstheia140\ccs\tools\compiler\ti-cgt-armllvm_3.2.2.LTS\lib\clang\15.0.7\lib\armv6m-ti-none-eabi\</path>
         <kind>archive</kind>
         <file>libclang_rt.builtins.a</file>
         <name>udivmoddi4.S.obj</name>
      </input_file>
      <input_file id="fl-d0">
         <path>C:\ti\ccstheia140\ccs\tools\compiler\ti-cgt-armllvm_3.2.2.LTS\lib\clang\15.0.7\lib\armv6m-ti-none-eabi\</path>
         <kind>archive</kind>
         <file>libclang_rt.builtins.a</file>
         <name>ashldi3.S.obj</name>
      </input_file>
      <input_file id="fl-d1">
         <path>C:\ti\ccstheia140\ccs\tools\compiler\ti-cgt-armllvm_3.2.2.LTS\lib\clang\15.0.7\lib\armv6m-ti-none-eabi\</path>
         <kind>archive</kind>
         <file>libclang_rt.builtins.a</file>
         <name>comparedf2.c.obj</name>
      </input_file>
      <input_file id="fl-d2">
         <path>C:\ti\ccstheia140\ccs\tools\compiler\ti-cgt-armllvm_3.2.2.LTS\lib\clang\15.0.7\lib\armv6m-ti-none-eabi\</path>
         <kind>archive</kind>
         <file>libclang_rt.builtins.a</file>
         <name>aeabi_div0.c.obj</name>
      </input_file>
      <input_file id="fl-d3">
         <path>C:\ti\ccstheia140\ccs\tools\compiler\ti-cgt-armllvm_3.2.2.LTS\lib\armv6m-ti-none-eabi\c\</path>
         <kind>archive</kind>
         <file>libc.a</file>
         <name>getdevice.c.obj</name>
      </input_file>
      <input_file id="fl-d4">
         <path>C:\ti\ccstheia140\ccs\tools\compiler\ti-cgt-armllvm_3.2.2.LTS\lib\armv6m-ti-none-eabi\c\</path>
         <kind>archive</kind>
         <file>libc.a</file>
         <name>memcpy16.S.obj</name>
      </input_file>
      <input_file id="fl-d5">
         <path>C:\ti\ccstheia140\ccs\tools\compiler\ti-cgt-armllvm_3.2.2.LTS\lib\armv6m-ti-none-eabi\c\</path>
         <kind>archive</kind>
         <file>libc.a</file>
         <name>memset16.S.obj</name>
      </input_file>
   </input_file_list>
   <object_component_list>
      <object_component id="oc-18">
         <name>.intvecs</name>
         <load_address>0x0</load_address>
         <readonly>true</readonly>
         <run_address>0x0</run_address>
         <size>0xc0</size>
         <alignment>0x4</alignment>
         <input_file_ref idref="fl-8"/>
      </object_component>
      <object_component id="oc-50">
         <name>.text:_c_int00_noinit_noargs</name>
         <load_address>0xc0</load_address>
         <readonly>true</readonly>
         <executable>true</executable>
         <run_address>0xc0</run_address>
         <size>0x20</size>
         <alignment>0x4</alignment>
         <input_file_ref idref="fl-29"/>
      </object_component>
      <object_component id="oc-6b">
         <name>.text.main</name>
         <load_address>0xe0</load_address>
         <readonly>true</readonly>
         <executable>true</executable>
         <run_address>0xe0</run_address>
         <size>0xa</size>
         <alignment>0x2</alignment>
         <input_file_ref idref="fl-5"/>
      </object_component>
      <object_component id="oc-35">
         <name>.text.Default_Handler</name>
         <load_address>0xea</load_address>
         <readonly>true</readonly>
         <executable>true</executable>
         <run_address>0xea</run_address>
         <size>0x4</size>
         <alignment>0x2</alignment>
         <input_file_ref idref="fl-8"/>
      </object_component>
      <object_component id="oc-36">
         <name>.text.HardFault_Handler</name>
         <load_address>0xee</load_address>
         <readonly>true</readonly>
         <executable>true</executable>
         <run_address>0xee</run_address>
         <size>0x4</size>
         <alignment>0x2</alignment>
         <input_file_ref idref="fl-8"/>
      </object_component>
      <object_component id="oc-31">
         <name>.text.Reset_Handler</name>
         <load_address>0xf2</load_address>
         <readonly>true</readonly>
         <executable>true</executable>
         <run_address>0xf2</run_address>
         <size>0x4</size>
         <alignment>0x2</alignment>
         <input_file_ref idref="fl-8"/>
      </object_component>
      <object_component id="oc-67">
         <name>.text._system_pre_init</name>
         <load_address>0xf6</load_address>
         <readonly>true</readonly>
         <executable>true</executable>
         <run_address>0xf6</run_address>
         <size>0x4</size>
         <alignment>0x2</alignment>
         <input_file_ref idref="fl-2c"/>
      </object_component>
      <object_component id="oc-85">
         <name>.text:abort</name>
         <load_address>0xfa</load_address>
         <readonly>true</readonly>
         <executable>true</executable>
         <run_address>0xfa</run_address>
         <size>0x4</size>
         <alignment>0x2</alignment>
         <input_file_ref idref="fl-36"/>
      </object_component>
      <object_component id="oc-fb">
         <name>__TI_cinit_table</name>
         <load_address>0x0</load_address>
         <readonly>true</readonly>
         <run_address>0x0</run_address>
         <size>0x0</size>
         <alignment>0x4</alignment>
      </object_component>
      <object_component id="oc-c4">
         <name>.binit</name>
         <load_address>0x0</load_address>
         <readonly>true</readonly>
         <run_address>0x0</run_address>
         <size>0x0</size>
         <alignment>0x4</alignment>
      </object_component>
      <object_component id="oc-2f">
         <name>.sysmem</name>
         <uninitialized>true</uninitialized>
         <readwrite>true</readwrite>
         <run_address>0x20200000</run_address>
         <size>0x10</size>
         <alignment>0x8</alignment>
         <input_file_ref idref="fl-28"/>
      </object_component>
      <object_component id="oc-fe">
         <name>.sysmem</name>
         <uninitialized>true</uninitialized>
         <readwrite>true</readwrite>
         <run_address>0x20200000</run_address>
         <size>0x0</size>
         <alignment>0x4</alignment>
      </object_component>
      <object_component id="oc-1a">
         <name>.stack</name>
         <uninitialized>true</uninitialized>
         <readwrite>true</readwrite>
         <run_address>0x20207e00</run_address>
         <size>0x4</size>
         <alignment>0x4</alignment>
         <input_file_ref idref="fl-29"/>
      </object_component>
      <object_component id="oc-fd">
         <name>.stack</name>
         <uninitialized>true</uninitialized>
         <readwrite>true</readwrite>
         <run_address>0x20207e00</run_address>
         <size>0x0</size>
         <alignment>0x8</alignment>
      </object_component>
      <object_component id="oc-83">
         <name>.debug_abbrev</name>
         <load_address>0x0</load_address>
         <run_address>0x0</run_address>
         <size>0x39</size>
         <alignment>0x1</alignment>
         <input_file_ref idref="fl-5"/>
      </object_component>
      <object_component id="oc-37">
         <name>.debug_abbrev</name>
         <load_address>0x39</load_address>
         <run_address>0x39</run_address>
         <size>0x6d</size>
         <alignment>0x1</alignment>
         <input_file_ref idref="fl-8"/>
      </object_component>
      <object_component id="oc-59">
         <name>.debug_abbrev</name>
         <load_address>0xa6</load_address>
         <run_address>0xa6</run_address>
         <size>0x229</size>
         <alignment>0x1</alignment>
         <input_file_ref idref="fl-28"/>
      </object_component>
      <object_component id="oc-39">
         <name>.debug_abbrev</name>
         <load_address>0x2cf</load_address>
         <run_address>0x2cf</run_address>
         <size>0xaf</size>
         <alignment>0x1</alignment>
         <input_file_ref idref="fl-29"/>
      </object_component>
      <object_component id="oc-81">
         <name>.debug_abbrev</name>
         <load_address>0x37e</load_address>
         <run_address>0x37e</run_address>
         <size>0x39</size>
         <alignment>0x1</alignment>
         <input_file_ref idref="fl-2c"/>
      </object_component>
      <object_component id="oc-a5">
         <name>.debug_abbrev</name>
         <load_address>0x3b7</load_address>
         <run_address>0x3b7</run_address>
         <size>0xb3</size>
         <alignment>0x1</alignment>
         <input_file_ref idref="fl-36"/>
      </object_component>
      <object_component id="oc-100">
         <name>.debug_abbrev</name>
         <load_address>0x46a</load_address>
         <run_address>0x46a</run_address>
         <size>0xf</size>
         <alignment>0x0</alignment>
      </object_component>
      <object_component id="oc-6d">
         <name>.debug_info</name>
         <load_address>0x0</load_address>
         <run_address>0x0</run_address>
         <size>0x46</size>
         <alignment>0x1</alignment>
         <input_file_ref idref="fl-5"/>
      </object_component>
      <object_component id="oc-19">
         <name>.debug_info</name>
         <load_address>0x46</load_address>
         <run_address>0x46</run_address>
         <size>0x94</size>
         <alignment>0x1</alignment>
         <input_file_ref idref="fl-8"/>
      </object_component>
      <object_component id="oc-30">
         <name>.debug_info</name>
         <load_address>0xda</load_address>
         <run_address>0xda</run_address>
         <size>0xa5e</size>
         <alignment>0x1</alignment>
         <input_file_ref idref="fl-28"/>
      </object_component>
      <object_component id="oc-1b">
         <name>.debug_info</name>
         <load_address>0xb38</load_address>
         <run_address>0xb38</run_address>
         <size>0x423</size>
         <alignment>0x1</alignment>
         <input_file_ref idref="fl-29"/>
      </object_component>
      <object_component id="oc-6a">
         <name>.debug_info</name>
         <load_address>0xf5b</load_address>
         <run_address>0xf5b</run_address>
         <size>0x46</size>
         <alignment>0x1</alignment>
         <input_file_ref idref="fl-2c"/>
      </object_component>
      <object_component id="oc-88">
         <name>.debug_info</name>
         <load_address>0xfa1</load_address>
         <run_address>0xfa1</run_address>
         <size>0xed</size>
         <alignment>0x1</alignment>
         <input_file_ref idref="fl-36"/>
      </object_component>
      <object_component id="oc-ff">
         <name>.debug_info</name>
         <load_address>0x108e</load_address>
         <run_address>0x108e</run_address>
         <size>0xae</size>
         <alignment>0x0</alignment>
      </object_component>
      <object_component id="oc-84">
         <name>.debug_str</name>
         <load_address>0x0</load_address>
         <run_address>0x0</run_address>
         <size>0xc6</size>
         <alignment>0x1</alignment>
         <input_file_ref idref="fl-5"/>
      </object_component>
      <object_component id="oc-38">
         <name>.debug_str</name>
         <load_address>0xc6</load_address>
         <run_address>0xc6</run_address>
         <size>0x130</size>
         <alignment>0x1</alignment>
         <input_file_ref idref="fl-8"/>
      </object_component>
      <object_component id="oc-5a">
         <name>.debug_str</name>
         <load_address>0x1f6</load_address>
         <run_address>0x1f6</run_address>
         <size>0x3b5</size>
         <alignment>0x1</alignment>
         <input_file_ref idref="fl-28"/>
      </object_component>
      <object_component id="oc-3a">
         <name>.debug_str</name>
         <load_address>0x5ab</load_address>
         <run_address>0x5ab</run_address>
         <size>0x225</size>
         <alignment>0x1</alignment>
         <input_file_ref idref="fl-29"/>
      </object_component>
      <object_component id="oc-82">
         <name>.debug_str</name>
         <load_address>0x7d0</load_address>
         <run_address>0x7d0</run_address>
         <size>0xf5</size>
         <alignment>0x1</alignment>
         <input_file_ref idref="fl-2c"/>
      </object_component>
      <object_component id="oc-a6">
         <name>.debug_str</name>
         <load_address>0x8c5</load_address>
         <run_address>0x8c5</run_address>
         <size>0x13f</size>
         <alignment>0x1</alignment>
         <input_file_ref idref="fl-36"/>
      </object_component>
      <object_component id="oc-6c">
         <name>.debug_frame</name>
         <load_address>0x0</load_address>
         <run_address>0x0</run_address>
         <size>0x24</size>
         <alignment>0x4</alignment>
         <input_file_ref idref="fl-5"/>
      </object_component>
      <object_component id="oc-33">
         <name>.debug_frame</name>
         <load_address>0x24</load_address>
         <run_address>0x24</run_address>
         <size>0x40</size>
         <alignment>0x4</alignment>
         <input_file_ref idref="fl-8"/>
      </object_component>
      <object_component id="oc-51">
         <name>.debug_frame</name>
         <load_address>0x64</load_address>
         <run_address>0x64</run_address>
         <size>0x90</size>
         <alignment>0x4</alignment>
         <input_file_ref idref="fl-29"/>
      </object_component>
      <object_component id="oc-68">
         <name>.debug_frame</name>
         <load_address>0xf4</load_address>
         <run_address>0xf4</run_address>
         <size>0x20</size>
         <alignment>0x4</alignment>
         <input_file_ref idref="fl-2c"/>
      </object_component>
      <object_component id="oc-87">
         <name>.debug_frame</name>
         <load_address>0x114</load_address>
         <run_address>0x114</run_address>
         <size>0x30</size>
         <alignment>0x4</alignment>
         <input_file_ref idref="fl-36"/>
      </object_component>
      <object_component id="oc-6e">
         <name>.debug_line</name>
         <load_address>0x0</load_address>
         <run_address>0x0</run_address>
         <size>0x3d</size>
         <alignment>0x1</alignment>
         <input_file_ref idref="fl-5"/>
      </object_component>
      <object_component id="oc-34">
         <name>.debug_line</name>
         <load_address>0x3d</load_address>
         <run_address>0x3d</run_address>
         <size>0x87</size>
         <alignment>0x1</alignment>
         <input_file_ref idref="fl-8"/>
      </object_component>
      <object_component id="oc-5b">
         <name>.debug_line</name>
         <load_address>0xc4</load_address>
         <run_address>0xc4</run_address>
         <size>0x7a9</size>
         <alignment>0x1</alignment>
         <input_file_ref idref="fl-28"/>
      </object_component>
      <object_component id="oc-3b">
         <name>.debug_line</name>
         <load_address>0x86d</load_address>
         <run_address>0x86d</run_address>
         <size>0x1fe</size>
         <alignment>0x1</alignment>
         <input_file_ref idref="fl-29"/>
      </object_component>
      <object_component id="oc-69">
         <name>.debug_line</name>
         <load_address>0xa6b</load_address>
         <run_address>0xa6b</run_address>
         <size>0x3e</size>
         <alignment>0x1</alignment>
         <input_file_ref idref="fl-2c"/>
      </object_component>
      <object_component id="oc-89">
         <name>.debug_line</name>
         <load_address>0xaa9</load_address>
         <run_address>0xaa9</run_address>
         <size>0x6b</size>
         <alignment>0x1</alignment>
         <input_file_ref idref="fl-36"/>
      </object_component>
      <object_component id="oc-32">
         <name>.debug_ranges</name>
         <load_address>0x0</load_address>
         <run_address>0x0</run_address>
         <size>0x20</size>
         <alignment>0x1</alignment>
         <input_file_ref idref="fl-8"/>
      </object_component>
      <object_component id="oc-5c">
         <name>.debug_ranges</name>
         <load_address>0x20</load_address>
         <run_address>0x20</run_address>
         <size>0xa0</size>
         <alignment>0x1</alignment>
         <input_file_ref idref="fl-28"/>
      </object_component>
      <object_component id="oc-3c">
         <name>.debug_ranges</name>
         <load_address>0xc0</load_address>
         <run_address>0xc0</run_address>
         <size>0x48</size>
         <alignment>0x1</alignment>
         <input_file_ref idref="fl-29"/>
      </object_component>
      <object_component id="oc-86">
         <name>.debug_ranges</name>
         <load_address>0x108</load_address>
         <run_address>0x108</run_address>
         <size>0x18</size>
         <alignment>0x1</alignment>
         <input_file_ref idref="fl-36"/>
      </object_component>
      <object_component id="oc-5d">
         <name>.debug_loc</name>
         <load_address>0x0</load_address>
         <run_address>0x0</run_address>
         <size>0x6dd</size>
         <alignment>0x1</alignment>
         <input_file_ref idref="fl-28"/>
      </object_component>
      <object_component id="oc-3d">
         <name>.debug_loc</name>
         <load_address>0x6dd</load_address>
         <run_address>0x6dd</run_address>
         <size>0xd8</size>
         <alignment>0x1</alignment>
         <input_file_ref idref="fl-29"/>
      </object_component>
      <object_component id="oc-8b">
         <name>.debug_loc</name>
         <load_address>0x7b5</load_address>
         <run_address>0x7b5</run_address>
         <size>0x26</size>
         <alignment>0x1</alignment>
         <input_file_ref idref="fl-36"/>
      </object_component>
   </object_component_list>
   <logical_group_list>
      <logical_group id="lg-2" display="no" color="cyan">
         <name>.intvecs</name>
         <load_address>0x0</load_address>
         <run_address>0x0</run_address>
         <size>0xc0</size>
         <contents>
            <object_component_ref idref="oc-18"/>
         </contents>
      </logical_group>
      <logical_group id="lg-3" display="no" color="cyan">
         <name>.text</name>
         <load_address>0xc0</load_address>
         <run_address>0xc0</run_address>
         <size>0x40</size>
         <contents>
            <object_component_ref idref="oc-50"/>
            <object_component_ref idref="oc-6b"/>
            <object_component_ref idref="oc-35"/>
            <object_component_ref idref="oc-36"/>
            <object_component_ref idref="oc-31"/>
            <object_component_ref idref="oc-67"/>
            <object_component_ref idref="oc-85"/>
         </contents>
      </logical_group>
      <logical_group id="lg-4" display="no" color="cyan">
         <name>.const</name>
         <run_address>0x0</run_address>
         <size>0x0</size>
         <contents>
         </contents>
      </logical_group>
      <logical_group id="lg-5" display="no" color="cyan">
         <name>.cinit</name>
         <load_address>0x0</load_address>
         <run_address>0x0</run_address>
         <size>0x0</size>
         <contents>
            <object_component_ref idref="oc-fb"/>
         </contents>
      </logical_group>
      <logical_group id="lg-6" display="no" color="cyan">
         <name>.pinit</name>
         <run_address>0x0</run_address>
         <size>0x0</size>
         <contents>
         </contents>
      </logical_group>
      <logical_group id="lg-7" display="no" color="cyan">
         <name>.rodata</name>
         <run_address>0x0</run_address>
         <size>0x0</size>
         <contents>
         </contents>
      </logical_group>
      <logical_group id="lg-8" display="no" color="cyan">
         <name>.ARM.exidx</name>
         <run_address>0x0</run_address>
         <size>0x0</size>
         <contents>
         </contents>
      </logical_group>
      <logical_group id="lg-9" display="no" color="cyan">
         <name>.init_array</name>
         <run_address>0x0</run_address>
         <size>0x0</size>
         <contents>
         </contents>
      </logical_group>
      <logical_group id="lg-a" display="no" color="cyan">
         <name>.binit</name>
         <load_address>0x0</load_address>
         <run_address>0x0</run_address>
         <size>0x0</size>
         <contents>
            <object_component_ref idref="oc-c4"/>
         </contents>
      </logical_group>
      <logical_group id="lg-b" display="no" color="cyan">
         <name>.TI.ramfunc</name>
         <run_address>0x0</run_address>
         <size>0x0</size>
         <contents>
         </contents>
      </logical_group>
      <logical_group id="lg-c" display="no" color="cyan">
         <name>.vtable</name>
         <run_address>0x0</run_address>
         <size>0x0</size>
         <contents>
         </contents>
      </logical_group>
      <logical_group id="lg-d" display="no" color="cyan">
         <name>.args</name>
         <run_address>0x0</run_address>
         <size>0x0</size>
         <contents>
         </contents>
      </logical_group>
      <logical_group id="lg-e" display="no" color="cyan">
         <name>.data</name>
         <run_address>0x0</run_address>
         <size>0x0</size>
         <contents>
         </contents>
      </logical_group>
      <logical_group id="lg-f" display="no" color="cyan">
         <name>.bss</name>
         <run_address>0x0</run_address>
         <size>0x0</size>
         <contents>
         </contents>
      </logical_group>
      <logical_group id="lg-10" display="no" color="cyan">
         <name>.sysmem</name>
         <run_address>0x20200000</run_address>
         <size>0x800</size>
         <contents>
            <object_component_ref idref="oc-2f"/>
            <object_component_ref idref="oc-fe"/>
         </contents>
      </logical_group>
      <logical_group id="lg-11" display="no" color="cyan">
         <name>.stack</name>
         <run_address>0x20207e00</run_address>
         <size>0x200</size>
         <contents>
            <object_component_ref idref="oc-1a"/>
            <object_component_ref idref="oc-fd"/>
         </contents>
      </logical_group>
      <logical_group id="lg-12" display="no" color="cyan">
         <name>.BCRConfig</name>
         <run_address>0x0</run_address>
         <size>0x0</size>
         <contents>
         </contents>
      </logical_group>
      <logical_group id="lg-13" display="no" color="cyan">
         <name>.BSLConfig</name>
         <run_address>0x0</run_address>
         <size>0x0</size>
         <contents>
         </contents>
      </logical_group>
      <logical_group id="lg-bb" display="no" color="cyan">
         <name>.TI.noinit</name>
         <run_address>0x0</run_address>
         <size>0x0</size>
         <contents>
         </contents>
      </logical_group>
      <logical_group id="lg-bc" display="no" color="cyan">
         <name>.TI.persistent</name>
         <run_address>0x0</run_address>
         <size>0x0</size>
         <contents>
         </contents>
      </logical_group>
      <logical_group id="lg-bd" display="no" color="cyan">
         <name>.TI.local</name>
         <run_address>0x0</run_address>
         <size>0x0</size>
         <contents>
         </contents>
      </logical_group>
      <logical_group id="lg-be" display="no" color="cyan">
         <name>.TI.onchip</name>
         <run_address>0x0</run_address>
         <size>0x0</size>
         <contents>
         </contents>
      </logical_group>
      <logical_group id="lg-bf" display="no" color="cyan">
         <name>.TI.offchip</name>
         <run_address>0x0</run_address>
         <size>0x0</size>
         <contents>
         </contents>
      </logical_group>
      <logical_group id="lg-c0" display="no" color="cyan">
         <name>__llvm_prf_cnts</name>
         <run_address>0x20200000</run_address>
         <size>0x0</size>
         <contents>
         </contents>
      </logical_group>
      <logical_group id="lg-c2" display="no" color="cyan">
         <name>__llvm_prf_bits</name>
         <run_address>0x20200000</run_address>
         <size>0x0</size>
         <contents>
         </contents>
      </logical_group>
      <logical_group id="lg-de" display="never" color="cyan">
         <name>.debug_abbrev</name>
         <load_address>0x0</load_address>
         <run_address>0x0</run_address>
         <size>0x479</size>
         <contents>
            <object_component_ref idref="oc-83"/>
            <object_component_ref idref="oc-37"/>
            <object_component_ref idref="oc-59"/>
            <object_component_ref idref="oc-39"/>
            <object_component_ref idref="oc-81"/>
            <object_component_ref idref="oc-a5"/>
            <object_component_ref idref="oc-100"/>
         </contents>
      </logical_group>
      <logical_group id="lg-e0" display="never" color="cyan">
         <name>.debug_info</name>
         <load_address>0x0</load_address>
         <run_address>0x0</run_address>
         <size>0x113c</size>
         <contents>
            <object_component_ref idref="oc-6d"/>
            <object_component_ref idref="oc-19"/>
            <object_component_ref idref="oc-30"/>
            <object_component_ref idref="oc-1b"/>
            <object_component_ref idref="oc-6a"/>
            <object_component_ref idref="oc-88"/>
            <object_component_ref idref="oc-ff"/>
         </contents>
      </logical_group>
      <logical_group id="lg-e2" display="never" color="cyan">
         <name>.debug_str</name>
         <load_address>0x0</load_address>
         <run_address>0x0</run_address>
         <size>0xa04</size>
         <contents>
            <object_component_ref idref="oc-84"/>
            <object_component_ref idref="oc-38"/>
            <object_component_ref idref="oc-5a"/>
            <object_component_ref idref="oc-3a"/>
            <object_component_ref idref="oc-82"/>
            <object_component_ref idref="oc-a6"/>
         </contents>
      </logical_group>
      <logical_group id="lg-e4" display="never" color="cyan">
         <name>.debug_frame</name>
         <load_address>0x0</load_address>
         <run_address>0x0</run_address>
         <size>0x144</size>
         <contents>
            <object_component_ref idref="oc-6c"/>
            <object_component_ref idref="oc-33"/>
            <object_component_ref idref="oc-51"/>
            <object_component_ref idref="oc-68"/>
            <object_component_ref idref="oc-87"/>
         </contents>
      </logical_group>
      <logical_group id="lg-e6" display="never" color="cyan">
         <name>.debug_line</name>
         <load_address>0x0</load_address>
         <run_address>0x0</run_address>
         <size>0xb14</size>
         <contents>
            <object_component_ref idref="oc-6e"/>
            <object_component_ref idref="oc-34"/>
            <object_component_ref idref="oc-5b"/>
            <object_component_ref idref="oc-3b"/>
            <object_component_ref idref="oc-69"/>
            <object_component_ref idref="oc-89"/>
         </contents>
      </logical_group>
      <logical_group id="lg-e8" display="never" color="cyan">
         <name>.debug_ranges</name>
         <load_address>0x0</load_address>
         <run_address>0x0</run_address>
         <size>0x120</size>
         <contents>
            <object_component_ref idref="oc-32"/>
            <object_component_ref idref="oc-5c"/>
            <object_component_ref idref="oc-3c"/>
            <object_component_ref idref="oc-86"/>
         </contents>
      </logical_group>
      <logical_group id="lg-ea" display="never" color="cyan">
         <name>.debug_loc</name>
         <load_address>0x0</load_address>
         <run_address>0x0</run_address>
         <size>0x7db</size>
         <contents>
            <object_component_ref idref="oc-5d"/>
            <object_component_ref idref="oc-3d"/>
            <object_component_ref idref="oc-8b"/>
         </contents>
      </logical_group>
      <logical_group id="lg-fc" display="no" color="cyan">
         <name>Veneer$$CMSE</name>
         <run_address>0x0</run_address>
         <size>0x0</size>
         <contents>
         </contents>
      </logical_group>
      <load_segment id="lg-102" display="no" color="cyan">
         <name>SEGMENT_0</name>
         <load_address>0x0</load_address>
         <run_address>0x0</run_address>
         <size>0x100</size>
         <flags>0x5</flags>
         <contents>
            <logical_group_ref idref="lg-2"/>
            <logical_group_ref idref="lg-3"/>
         </contents>
      </load_segment>
      <load_segment id="lg-103" display="no" color="cyan">
         <name>SEGMENT_1</name>
         <run_address>0x20200000</run_address>
         <size>0x800</size>
         <flags>0x6</flags>
         <contents>
            <logical_group_ref idref="lg-10"/>
         </contents>
      </load_segment>
      <load_segment id="lg-104" display="no" color="cyan">
         <name>SEGMENT_2</name>
         <run_address>0x20207e00</run_address>
         <size>0x200</size>
         <flags>0x6</flags>
         <contents>
            <logical_group_ref idref="lg-11"/>
         </contents>
      </load_segment>
   </logical_group_list>
   <placement_map>
      <memory_area display="yes" color="green">
         <name>FLASH</name>
         <page_id>0x0</page_id>
         <origin>0x0</origin>
         <length>0x20000</length>
         <used_space>0x100</used_space>
         <unused_space>0x1ff00</unused_space>
         <attributes>RX</attributes>
         <usage_details>
            <allocated_space>
               <start_address>0x0</start_address>
               <size>0x0</size>
               <logical_group_ref idref="lg-5"/>
            </allocated_space>
            <allocated_space>
               <start_address>0x0</start_address>
               <size>0x0</size>
               <logical_group_ref idref="lg-a"/>
            </allocated_space>
            <allocated_space>
               <start_address>0x0</start_address>
               <size>0xc0</size>
               <logical_group_ref idref="lg-2"/>
            </allocated_space>
            <allocated_space>
               <start_address>0xc0</start_address>
               <size>0x40</size>
               <logical_group_ref idref="lg-3"/>
            </allocated_space>
            <available_space>
               <start_address>0x100</start_address>
               <size>0x1ff00</size>
            </available_space>
         </usage_details>
      </memory_area>
      <memory_area display="yes" color="green">
         <name>SRAM</name>
         <page_id>0x0</page_id>
         <origin>0x20200000</origin>
         <length>0x8000</length>
         <used_space>0xa00</used_space>
         <unused_space>0x7600</unused_space>
         <attributes>RWX</attributes>
         <usage_details>
            <allocated_space>
               <start_address>0x20200000</start_address>
               <size>0x0</size>
               <logical_group_ref idref="lg-c0"/>
            </allocated_space>
            <allocated_space>
               <start_address>0x20200000</start_address>
               <size>0x0</size>
               <logical_group_ref idref="lg-c2"/>
            </allocated_space>
            <allocated_space>
               <start_address>0x20200000</start_address>
               <size>0x800</size>
               <logical_group_ref idref="lg-10"/>
            </allocated_space>
            <available_space>
               <start_address>0x20200800</start_address>
               <size>0x7600</size>
            </available_space>
            <allocated_space>
               <start_address>0x20207e00</start_address>
               <size>0x200</size>
               <logical_group_ref idref="lg-11"/>
            </allocated_space>
         </usage_details>
      </memory_area>
      <memory_area display="yes" color="green">
         <name>BCR_CONFIG</name>
         <page_id>0x0</page_id>
         <origin>0x41c00000</origin>
         <length>0x80</length>
         <used_space>0x0</used_space>
         <unused_space>0x80</unused_space>
         <attributes>R</attributes>
         <usage_details>
         </usage_details>
      </memory_area>
      <memory_area display="yes" color="green">
         <name>BSL_CONFIG</name>
         <page_id>0x0</page_id>
         <origin>0x41c00100</origin>
         <length>0x80</length>
         <used_space>0x0</used_space>
         <unused_space>0x80</unused_space>
         <attributes>R</attributes>
         <usage_details>
         </usage_details>
      </memory_area>
   </placement_map>
   <symbol_table>
      <symbol id="sm-1">
         <name>__start___llvm_prf_cnts</name>
         <value>0x20200000</value>
      </symbol>
      <symbol id="sm-2">
         <name>__stop___llvm_prf_cnts</name>
         <value>0x20200000</value>
      </symbol>
      <symbol id="sm-3">
         <name>__start___llvm_prf_bits</name>
         <value>0x20200000</value>
      </symbol>
      <symbol id="sm-4">
         <name>__stop___llvm_prf_bits</name>
         <value>0x20200000</value>
      </symbol>
      <symbol id="sm-5">
         <name>__TI_CINIT_Base</name>
         <value>0x0</value>
      </symbol>
      <symbol id="sm-6">
         <name>__TI_CINIT_Limit</name>
         <value>0x0</value>
      </symbol>
      <symbol id="sm-7">
         <name>__TI_CINIT_Warm</name>
         <value>0x0</value>
      </symbol>
      <symbol id="sm-8">
         <name>binit</name>
         <value>0xffffffff</value>
      </symbol>
      <symbol id="sm-9">
         <name>__binit__</name>
         <value>0xffffffff</value>
      </symbol>
      <symbol id="sm-a">
         <name>__STACK_SIZE</name>
         <value>0x200</value>
      </symbol>
      <symbol id="sm-b">
         <name>__STACK_END</name>
         <value>0x20208000</value>
      </symbol>
      <symbol id="sm-c">
         <name>__SYSMEM_SIZE</name>
         <value>0x800</value>
      </symbol>
      <symbol id="sm-d">
         <name>__TI_pprof_out_hndl</name>
         <value>0xffffffff</value>
      </symbol>
      <symbol id="sm-e">
         <name>__TI_prof_data_start</name>
         <value>0xffffffff</value>
      </symbol>
      <symbol id="sm-f">
         <name>__TI_prof_data_size</name>
         <value>0xffffffff</value>
      </symbol>
      <symbol id="sm-10">
         <name>__TI_static_base__</name>
         <value>0x0</value>
      </symbol>
      <symbol id="sm-3d">
         <name>main</name>
         <value>0xe1</value>
         <object_component_ref idref="oc-6b"/>
      </symbol>
      <symbol id="sm-4c">
         <name>Default_Handler</name>
         <value>0xeb</value>
         <object_component_ref idref="oc-35"/>
      </symbol>
      <symbol id="sm-4d">
         <name>Reset_Handler</name>
         <value>0xf3</value>
         <object_component_ref idref="oc-31"/>
      </symbol>
      <symbol id="sm-4e">
         <name>HardFault_Handler</name>
         <value>0xef</value>
         <object_component_ref idref="oc-36"/>
      </symbol>
      <symbol id="sm-4f">
         <name>interruptVectors</name>
         <value>0x0</value>
         <object_component_ref idref="oc-18"/>
      </symbol>
      <symbol id="sm-50">
         <name>NMI_Handler</name>
         <value>0xeb</value>
         <object_component_ref idref="oc-35"/>
      </symbol>
      <symbol id="sm-51">
         <name>SVC_Handler</name>
         <value>0xeb</value>
         <object_component_ref idref="oc-35"/>
      </symbol>
      <symbol id="sm-52">
         <name>PendSV_Handler</name>
         <value>0xeb</value>
         <object_component_ref idref="oc-35"/>
      </symbol>
      <symbol id="sm-53">
         <name>SysTick_Handler</name>
         <value>0xeb</value>
         <object_component_ref idref="oc-35"/>
      </symbol>
      <symbol id="sm-54">
         <name>GROUP0_IRQHandler</name>
         <value>0xeb</value>
         <object_component_ref idref="oc-35"/>
      </symbol>
      <symbol id="sm-55">
         <name>GROUP1_IRQHandler</name>
         <value>0xeb</value>
         <object_component_ref idref="oc-35"/>
      </symbol>
      <symbol id="sm-56">
         <name>TIMG8_IRQHandler</name>
         <value>0xeb</value>
         <object_component_ref idref="oc-35"/>
      </symbol>
      <symbol id="sm-57">
         <name>UART3_IRQHandler</name>
         <value>0xeb</value>
         <object_component_ref idref="oc-35"/>
      </symbol>
      <symbol id="sm-58">
         <name>ADC0_IRQHandler</name>
         <value>0xeb</value>
         <object_component_ref idref="oc-35"/>
      </symbol>
      <symbol id="sm-59">
         <name>ADC1_IRQHandler</name>
         <value>0xeb</value>
         <object_component_ref idref="oc-35"/>
      </symbol>
      <symbol id="sm-5a">
         <name>CANFD0_IRQHandler</name>
         <value>0xeb</value>
         <object_component_ref idref="oc-35"/>
      </symbol>
      <symbol id="sm-5b">
         <name>DAC0_IRQHandler</name>
         <value>0xeb</value>
         <object_component_ref idref="oc-35"/>
      </symbol>
      <symbol id="sm-5c">
         <name>SPI0_IRQHandler</name>
         <value>0xeb</value>
         <object_component_ref idref="oc-35"/>
      </symbol>
      <symbol id="sm-5d">
         <name>SPI1_IRQHandler</name>
         <value>0xeb</value>
         <object_component_ref idref="oc-35"/>
      </symbol>
      <symbol id="sm-5e">
         <name>UART1_IRQHandler</name>
         <value>0xeb</value>
         <object_component_ref idref="oc-35"/>
      </symbol>
      <symbol id="sm-5f">
         <name>UART2_IRQHandler</name>
         <value>0xeb</value>
         <object_component_ref idref="oc-35"/>
      </symbol>
      <symbol id="sm-60">
         <name>UART0_IRQHandler</name>
         <value>0xeb</value>
         <object_component_ref idref="oc-35"/>
      </symbol>
      <symbol id="sm-61">
         <name>TIMG0_IRQHandler</name>
         <value>0xeb</value>
         <object_component_ref idref="oc-35"/>
      </symbol>
      <symbol id="sm-62">
         <name>TIMG6_IRQHandler</name>
         <value>0xeb</value>
         <object_component_ref idref="oc-35"/>
      </symbol>
      <symbol id="sm-63">
         <name>TIMA0_IRQHandler</name>
         <value>0xeb</value>
         <object_component_ref idref="oc-35"/>
      </symbol>
      <symbol id="sm-64">
         <name>TIMA1_IRQHandler</name>
         <value>0xeb</value>
         <object_component_ref idref="oc-35"/>
      </symbol>
      <symbol id="sm-65">
         <name>TIMG7_IRQHandler</name>
         <value>0xeb</value>
         <object_component_ref idref="oc-35"/>
      </symbol>
      <symbol id="sm-66">
         <name>TIMG12_IRQHandler</name>
         <value>0xeb</value>
         <object_component_ref idref="oc-35"/>
      </symbol>
      <symbol id="sm-67">
         <name>I2C0_IRQHandler</name>
         <value>0xeb</value>
         <object_component_ref idref="oc-35"/>
      </symbol>
      <symbol id="sm-68">
         <name>I2C1_IRQHandler</name>
         <value>0xeb</value>
         <object_component_ref idref="oc-35"/>
      </symbol>
      <symbol id="sm-69">
         <name>AES_IRQHandler</name>
         <value>0xeb</value>
         <object_component_ref idref="oc-35"/>
      </symbol>
      <symbol id="sm-6a">
         <name>RTC_IRQHandler</name>
         <value>0xeb</value>
         <object_component_ref idref="oc-35"/>
      </symbol>
      <symbol id="sm-6b">
         <name>DMA_IRQHandler</name>
         <value>0xeb</value>
         <object_component_ref idref="oc-35"/>
      </symbol>
      <symbol id="sm-6c">
         <name>__TI_ATRegion0_src_addr</name>
         <value>0x0</value>
      </symbol>
      <symbol id="sm-6d">
         <name>__TI_ATRegion0_trg_addr</name>
         <value>0x0</value>
      </symbol>
      <symbol id="sm-6e">
         <name>__TI_ATRegion0_region_sz</name>
         <value>0x0</value>
      </symbol>
      <symbol id="sm-6f">
         <name>__TI_ATRegion1_src_addr</name>
         <value>0x0</value>
      </symbol>
      <symbol id="sm-70">
         <name>__TI_ATRegion1_trg_addr</name>
         <value>0x0</value>
      </symbol>
      <symbol id="sm-71">
         <name>__TI_ATRegion1_region_sz</name>
         <value>0x0</value>
      </symbol>
      <symbol id="sm-72">
         <name>__TI_ATRegion2_src_addr</name>
         <value>0x0</value>
      </symbol>
      <symbol id="sm-73">
         <name>__TI_ATRegion2_trg_addr</name>
         <value>0x0</value>
      </symbol>
      <symbol id="sm-74">
         <name>__TI_ATRegion2_region_sz</name>
         <value>0x0</value>
      </symbol>
      <symbol id="sm-82">
         <name>_sys_memory</name>
         <value>0x20200000</value>
         <object_component_ref idref="oc-2f"/>
      </symbol>
      <symbol id="sm-8d">
         <name>_c_int00_noinit_noargs</name>
         <value>0xc1</value>
         <object_component_ref idref="oc-50"/>
      </symbol>
      <symbol id="sm-8e">
         <name>__stack</name>
         <value>0x20207e00</value>
         <object_component_ref idref="oc-1a"/>
      </symbol>
      <symbol id="sm-98">
         <name>_system_pre_init</name>
         <value>0xf7</value>
         <object_component_ref idref="oc-67"/>
      </symbol>
      <symbol id="sm-ab">
         <name>abort</name>
         <value>0xfb</value>
         <object_component_ref idref="oc-85"/>
      </symbol>
      <symbol id="sm-ac">
         <name>C$$EXIT</name>
         <value>0xfa</value>
         <object_component_ref idref="oc-85"/>
      </symbol>
      <symbol id="sm-cb">
         <name>__mpu_init</name>
         <value>0x0</value>
      </symbol>
   </symbol_table>
   <title>Link successful</title>
</link_info>
